"","label","effect.size","ci.low","ci.high","p.value","diamond.ratio","dr.low","dr.high","I2","I2.low","I2.high"
"1","Overall",-0.0174840525540796,-0.0669652830331545,0.0319971779249952,0.488593429382638,1,1,4.72229390413691,0,0,33.1792230405194
