"","label","effect.size","ci.low","ci.high","p.value","diamond.ratio","dr.low","dr.high","I2","I2.low","I2.high"
"1","Overall",1.18915822938483,1.10753278278016,1.27078367598951,2.52808994201303e-179,1.40463716544846,1.03457248947521,2.11588691161447,33.7412835415998,0,69.0390365123728
