"","label","effect.size","ci.low","ci.high","p.value","diamond.ratio","dr.low","dr.high","I2","I2.low","I2.high"
"1","Overall",0.610373678464594,0.53979259474267,0.680954762186518,1.94268300337913e-64,1.34140049755993,1,2.01087874522774,31.1458900138348,0,69.1600684770586
