"","label","effect.size","ci.low","ci.high","p.value","diamond.ratio","dr.low","dr.high","I2","I2.low","I2.high"
"1","Overall",0.364654038594406,0.332939188432533,0.396368888756278,1.86484620782331e-112,1.04490000800368,1,1.64379200298988,6.71382325874771,0,50.2028321861215
