"","label","effect.size","ci.low","ci.high","p.value","diamond.ratio","dr.low","dr.high","I2","I2.low","I2.high"
"1","Overall",0.0277841502589698,-0.0701852372603586,0.125753537778298,0.578315845281235,1.17310765920943,1,2.01505602568979,22.8924023775411,0,69.1685037536291
