"","label","effect.size","ci.low","ci.high","p.value","diamond.ratio","dr.low","dr.high","I2","I2.low","I2.high"
"1","Overall",-0.0333539269780862,-0.105713527838948,0.0390056738827757,0.366292874626633,1,1,2.50147098144857,0,0,56.8926325998487
