"","label","effect.size","ci.low","ci.high","p.value","diamond.ratio","dr.low","dr.high","I2","I2.low","I2.high"
"1","Overall",0.0150770574122582,-0.0222902599113491,0.0524443747358655,0.429054228389698,1.0815205814898,1,2.05289190501614,10.5569819679011,0,61.9702232243582
