"","label","effect.size","ci.low","ci.high","p.value","diamond.ratio","dr.low","dr.high","I2","I2.low","I2.high"
"1","Overall",0.14963091297247,0.121525547111315,0.177736278833625,1.72147709019341e-25,1.77553661679401,1.31784900051265,2.56869330201409,63.7031134137497,40.4838932825997,78.067476603872
