"","label","effect.size","ci.low","ci.high","p.value","diamond.ratio","dr.low","dr.high","I2","I2.low","I2.high"
"1","Overall",0.0055103720372778,-0.0507552238440067,0.0617759679185623,0.847782072835825,1,1,9.18962715932409,0,0,32.7395880204053
