"","label","effect.size","ci.low","ci.high","p.value","diamond.ratio","dr.low","dr.high","I2","I2.low","I2.high"
"1","Overall",0.30709344334495,0.260254484842406,0.353932401847493,8.57383528303547e-38,1.49214845956873,1.10400132298245,2.16674619752919,51.8051161556823,25.8963427227996,74.8446174967854
