"","session_id","referrer","d_art","IATexp.overall","IATEXPfilter"
"4438",2452373,"qccuny2",0.539926626487621,5.75,"Include"
"4474",2477146,"qccuny2",0.0317908932581269,5,"Include"
"4482",2482102,"qccuny2",0.0926199962191591,4.58333333333333,"Include"
"4491",2486296,"qccuny2",0.177147924222583,4.83333333333333,"Include"
"4500",2492042,"qccuny2",0.19357311444025,4.41666666666667,"Include"
"4509",2492400,"qccuny2",-1.04400343755273,5.58333333333333,"Include"
"4511",2493524,"qccuny2",0.268242082356215,4.25,"Include"
"4517",2496323,"qccuny2",0.299762982626277,4.33333333333333,"Include"
