"","label","effect.size","ci.low","ci.high","p.value","diamond.ratio","dr.low","dr.high","I2","I2.low","I2.high"
"1","Overall",0.154561344320286,0.0759731286088308,0.233149560031741,0.000115867570382171,1.14030090581676,1,2.07817452226935,17.1422976907703,0,66.8315163864918
