"","label","effect.size","ci.low","ci.high","p.value","diamond.ratio","dr.low","dr.high","I2","I2.low","I2.high"
"1","Overall",2.5305095360553,2.29231638122121,2.76870269088939,2.72339420085678e-96,3.48567549278143,2.31694339509398,6.02297245736294,90.5115858335309,89.9409974379102,96.4617850332378
