"","label","effect.size","ci.low","ci.high","p.value","diamond.ratio","dr.low","dr.high","I2","I2.low","I2.high"
"1","Overall",0.390618114158575,0.3582664578799,0.422969770437251,8.299356424142e-124,1.4557411958561,1.07616002226099,2.14180573691806,41.9497273810149,9.91859475295952,72.2622591556191
