"","label","effect.size","ci.low","ci.high","p.value","diamond.ratio","dr.low","dr.high","I2","I2.low","I2.high"
"1","Overall",0.286531693816954,0.235614135088019,0.337449252545888,2.75597203503345e-28,1.02358022462198,1,3.81827475204408,1.54706595059377,0,45.9306826264321
