"","label","effect.size","ci.low","ci.high","p.value","diamond.ratio","dr.low","dr.high","I2","I2.low","I2.high"
"1","Overall",1.97160668176379,1.82870142473349,2.1145119387941,4.89494397474358e-161,2.22491092583632,1.55329493372467,3.54034277017827,75.3027242776561,56.6773047546687,85.486566588988
