"","label","effect.size","ci.low","ci.high","p.value","diamond.ratio","dr.low","dr.high","I2","I2.low","I2.high"
"1","Overall",0.0536264266371062,0.0052764148082125,0.101976438466,0.0297161043749102,1.3995373125668,1.0324558556138,2.04374207182478,45.1557854096613,13.6408096778492,69.3219719521905
