"","label","effect.size","ci.low","ci.high","p.value","diamond.ratio","dr.low","dr.high","I2","I2.low","I2.high"
"1","Overall",0.0836044316512674,0.0318684881535024,0.135340375149032,0.00153877651762899,1.00686725803671,1,1.80109405118107,1.1440402234603,0,55.3619542779729
