"","label","effect.size","ci.low","ci.high","p.value","diamond.ratio","dr.low","dr.high","I2","I2.low","I2.high"
"1","Overall",0.116581538037016,0.0538101154696146,0.179352960604417,0.000272509237085269,1.267555359099,1,1.98709278686034,23.7017804163957,0,62.5038232731672
