"","label","effect.size","ci.low","ci.high","p.value","diamond.ratio","dr.low","dr.high","I2","I2.low","I2.high"
"1","Overall",0.0332099750764528,-0.00401264999885498,0.0704326001517607,0.0803468366606565,1.06793247069208,1,1.64200832839196,10.2496782509413,0,55.4438390399782
