"","label","effect.size","ci.low","ci.high","p.value","diamond.ratio","dr.low","dr.high","I2","I2.low","I2.high"
"1","Overall",0.0309570775891385,-0.051051608246535,0.112965763424812,0.459386347469587,1,1,1.83932217634701,0,0,18.1823569762732
