"","label","effect.size","ci.low","ci.high","p.value","diamond.ratio","dr.low","dr.high","I2","I2.low","I2.high"
"1","Overall",0.573263549997085,0.496751701654695,0.649775398339475,8.04432297345136e-49,1.33355816871588,1,2.10767765780452,26.5381079295819,0,65.2493728339397
