"","label","effect.size","ci.low","ci.high","p.value","diamond.ratio","dr.low","dr.high","I2","I2.low","I2.high"
"1","Overall",-0.0138222025227384,-0.084471410044344,0.0568270049988672,0.701380045110297,1,1,2.38439292893368,0,0,47.1113622197279
