"","label","effect.size","ci.low","ci.high","p.value","diamond.ratio","dr.low","dr.high","I2","I2.low","I2.high"
"1","Overall",0.294412464678105,0.267381377989823,0.321443551366387,4.14073599339271e-101,1.15157736940655,1,2.14689798010718,12.4048027492151,0,56.823679573811
