"","label","effect.size","ci.low","ci.high","p.value","diamond.ratio","dr.low","dr.high","I2","I2.low","I2.high"
"1","Overall",0.30968389260535,0.232477611693288,0.386890173517412,3.79085788014834e-15,1.54784924983528,1.14590831088674,2.26341142141074,48.298415496533,24.6271210089306,76.2516593419366
